https://www.amazon.com/dp/1642730041,2018-11-20
https://www.amazon.com/dp/164273005X,2018-09-18
https://www.amazon.com/dp/1642730122,2019-02-19
https://www.amazon.com/dp/1642730157,2019-06-25
https://www.amazon.com/dp/1642730165,2019-04-16
https://www.amazon.com/dp/1642730173,2019-05-28
https://www.amazon.com/dp/1642730289,2019-09-17
https://www.amazon.com/dp/1642730300,2019-08-13
https://www.amazon.com/dp/1642730319,2019-10-15
https://www.amazon.com/dp/1642730327,2020-01-14
https://www.amazon.com/dp/1642730335,2019-12-10
https://www.amazon.com/dp/1642730343,2019-11-12
https://www.amazon.com/dp/1642730521,2020-04-16
https://www.amazon.com/dp/1642730564,2020-02-25
https://www.amazon.com/dp/1642730572,2020-06-16
https://www.amazon.com/dp/1642730580,2020-07-21
https://www.amazon.com/dp/1642730602,2020-05-19
https://www.amazon.com/dp/1642730610,2020-06-23
https://www.amazon.com/dp/1642730629,2020-05-26
https://www.amazon.com/dp/1642730769,2020-10-14
https://www.amazon.com/dp/1642730777,2020-12-09
https://www.amazon.com/dp/1642730785,2020-11-04
https://www.amazon.com/dp/1642730793,2021-01-12
https://www.amazon.com/dp/1642730807,2020-09-08
https://www.amazon.com/dp/1642730815,2020-12-16
https://www.amazon.com/dp/1642730858,2020-10-28
https://www.amazon.com/dp/1642731021,2021-05-11
https://www.amazon.com/dp/164273103X,2021-04-13
https://www.amazon.com/dp/1642731072,2021-02-09
https://www.amazon.com/dp/1642731080,2021-03-16
https://www.amazon.com/dp/1642731099,2021-06-15
https://www.amazon.com/dp/1642731110,2021-05-25
https://www.amazon.com/dp/1642731129,2021-07-20
https://www.amazon.com/dp/1642731269,2021-11-16
https://www.amazon.com/dp/1642731277,2022-01-11
https://www.amazon.com/dp/1642731285,2021-10-19
https://www.amazon.com/dp/1642731293,2021-08-17
https://www.amazon.com/dp/1642731307,2021-11-30
https://www.amazon.com/dp/1642731315,2021-09-28
https://www.amazon.com/dp/1642731366,2021-08-17
https://www.amazon.com/dp/1642731390,2022-01-11
https://www.amazon.com/dp/1642731404,2021-09-14
https://www.amazon.com/dp/1642731412,2021-11-09
https://www.amazon.com/dp/1642731420,2021-12-15
https://www.amazon.com/dp/1642731439,2022-01-15
https://www.amazon.com/dp/1642731447,2021-10-14
https://www.amazon.com/dp/1642731455,2021-12-15
https://www.amazon.com/dp/1642731625,2022-04-19
https://www.amazon.com/dp/1642731641,2022-03-01
https://www.amazon.com/dp/164273165X,2022-05-24
https://www.amazon.com/dp/1642731668,2022-04-05
https://www.amazon.com/dp/1642731676,2022-06-21
https://www.amazon.com/dp/1642731684,2022-05-03
https://www.amazon.com/dp/1642731692,2022-06-21
https://www.amazon.com/dp/1642731706,2022-07-26
https://www.amazon.com/dp/1642731714,2022-02-01
https://www.amazon.com/dp/1642731722,2022-02-15
https://www.amazon.com/dp/1642731730,2022-06-14
https://www.amazon.com/dp/1642731749,2022-03-15
https://www.amazon.com/dp/1642731757,2022-07-12
https://www.amazon.com/dp/1642731803,2022-05-17
https://www.amazon.com/dp/1642731935,2023-01-10
https://www.amazon.com/dp/1642731943,2022-10-18
https://www.amazon.com/dp/1642731951,2022-12-06
https://www.amazon.com/dp/164273196X,2022-08-16
https://www.amazon.com/dp/1642731986,2022-11-09
https://www.amazon.com/dp/1642731994,2022-11-22
https://www.amazon.com/dp/164273201X,2022-12-13
https://www.amazon.com/dp/1642732036,2022-10-13
https://www.amazon.com/dp/1642732117,2022-10-25
https://www.amazon.com/dp/1642732125,2023-01-17
https://www.amazon.com/dp/1642732133,2022-10-11
https://www.amazon.com/dp/1642732141,2022-12-20
https://www.amazon.com/dp/164273215X,2022-09-13
https://www.amazon.com/dp/1642732168,2022-04-12
https://www.amazon.com/dp/1642732303,2023-02-21
https://www.amazon.com/dp/1642732311,2023-06-27
https://www.amazon.com/dp/1642732338,2023-04-18
https://www.amazon.com/dp/1642732346,2023-04-25
https://www.amazon.com/dp/1642732354,2023-05-23
https://www.amazon.com/dp/1642732362,2023-07-25
https://www.amazon.com/dp/1642732370,2023-03-21
https://www.amazon.com/dp/1642732389,2023-03-28
https://www.amazon.com/dp/1642732397,2023-06-15
https://www.amazon.com/dp/1642732400,2023-02-07
https://www.amazon.com/dp/1642732419,2023-02-14
https://www.amazon.com/dp/1642732427,2023-06-13
https://www.amazon.com/dp/1642732443,2023-05-30
https://www.amazon.com/dp/1642732451,2023-05-09
https://www.amazon.com/dp/1642732508,2023-07-11
https://www.amazon.com/dp/1642732524,2023-04-11
https://www.amazon.com/dp/1642732826,2024-01-02
https://www.amazon.com/dp/1642732834,2023-08-08
https://www.amazon.com/dp/1642732842,2023-09-19
https://www.amazon.com/dp/1642732850,2023-10-03
https://www.amazon.com/dp/1642732877,2023-12-05
https://www.amazon.com/dp/1642732885,2024-01-09
https://www.amazon.com/dp/1642732893,2023-11-21
https://www.amazon.com/dp/1642732907,2023-12-19
https://www.amazon.com/dp/1642732915,2023-11-28
https://www.amazon.com/dp/1642732923,2023-09-05
https://www.amazon.com/dp/164273294X,2023-09-12
https://www.amazon.com/dp/1642732958,2023-11-07
https://www.amazon.com/dp/1642732966,2023-09-26
https://www.amazon.com/dp/1642732974,2023-10-10
https://www.amazon.com/dp/1642732982,2023-11-14
https://www.amazon.com/dp/1642732990,2023-10-17
https://www.amazon.com/dp/1642733008,2023-12-26
https://www.amazon.com/dp/1642733016,2024-01-23
https://www.amazon.com/dp/1642733024,2023-08-15
https://www.amazon.com/dp/1642733032,2024-01-16
https://www.amazon.com/dp/1642733245,2024-04-09
https://www.amazon.com/dp/1642733288,2024-06-25
https://www.amazon.com/dp/1642733296,2024-06-18
https://www.amazon.com/dp/164273330X,2024-05-14
https://www.amazon.com/dp/1642733318,2024-06-11
https://www.amazon.com/dp/1642733334,2024-04-02
https://www.amazon.com/dp/1642733342,2024-06-04
https://www.amazon.com/dp/1642733350,2024-07-02
https://www.amazon.com/dp/1642733369,2024-02-24
https://www.amazon.com/dp/1642733377,2024-03-26
https://www.amazon.com/dp/1642733393,2024-02-06
https://www.amazon.com/dp/1642733407,2024-07-16
https://www.amazon.com/dp/1642733415,2024-03-19
https://www.amazon.com/dp/1642733423,2024-02-27
https://www.amazon.com/dp/1642733431,2024-03-12
https://www.amazon.com/dp/164273344X,2024-05-28
https://www.amazon.com/dp/1642733458,2024-04-23
https://www.amazon.com/dp/1642733466,2024-03-05
https://www.amazon.com/dp/1642733474,2024-05-21
https://www.amazon.com/dp/1642733504,2024-04-16
https://www.amazon.com/dp/1642733806,2024-09-10
https://www.amazon.com/dp/1642733814,2025-01-21
https://www.amazon.com/dp/1642733822,2024-09-17
https://www.amazon.com/dp/1642733830,2024-10-08
https://www.amazon.com/dp/1642733857,2024-12-17
https://www.amazon.com/dp/1642733873,2024-12-03
https://www.amazon.com/dp/1642733881,2024-08-20
https://www.amazon.com/dp/164273389X,2024-10-29
https://www.amazon.com/dp/1642733903,2025-01-28
https://www.amazon.com/dp/1642733911,2025-01-07
https://www.amazon.com/dp/164273392X,2024-11-12
https://www.amazon.com/dp/1642733938,2024-08-27
https://www.amazon.com/dp/1642733946,2024-10-22
https://www.amazon.com/dp/1642733954,2024-08-13
https://www.amazon.com/dp/1642733962,2024-10-15
https://www.amazon.com/dp/1642733970,2024-09-24
https://www.amazon.com/dp/1642733989,2024-11-19
https://www.amazon.com/dp/1642733997,2024-11-26
https://www.amazon.com/dp/1642734012,2024-12-10
https://www.amazon.com/dp/1642734071,2024-09-24
https://www.amazon.com/dp/164273408X,2024-11-05
https://www.amazon.com/dp/1642734306,2025-03-04
https://www.amazon.com/dp/1642734357,2025-06-17
https://www.amazon.com/dp/1642734381,2025-05-27
https://www.amazon.com/dp/164273439X,2025-07-08
https://www.amazon.com/dp/1642734403,2025-02-18
https://www.amazon.com/dp/1642734411,2025-07-29
https://www.amazon.com/dp/164273442X,2025-04-15
https://www.amazon.com/dp/1642734438,2025-07-15
https://www.amazon.com/dp/1642734446,2025-05-13
https://www.amazon.com/dp/1642734454,2025-06-03
https://www.amazon.com/dp/1642734462,2025-05-06
https://www.amazon.com/dp/1642734470,2025-06-10
https://www.amazon.com/dp/1642734489,2025-02-11
https://www.amazon.com/dp/1642734497,2025-04-01
https://www.amazon.com/dp/1642734500,2025-02-25
https://www.amazon.com/dp/1642734519,2025-03-11
https://www.amazon.com/dp/1642734527,2025-06-24
https://www.amazon.com/dp/1642734535,2025-07-22
https://www.amazon.com/dp/1642734543,2025-03-25
https://www.amazon.com/dp/1642734551,2025-05-20
https://www.amazon.com/dp/164273456X,2025-02-04
https://www.amazon.com/dp/1642734578,2025-04-22
https://www.amazon.com/dp/1642734632,2025-04-28
https://www.amazon.com/dp/1642734853,2025-08-28
https://www.amazon.com/dp/1642734861,2026-02-24
https://www.amazon.com/dp/164273487X,2025-11-18
https://www.amazon.com/dp/1642734888,2025-08-07
https://www.amazon.com/dp/1642734896,2025-11-25
https://www.amazon.com/dp/164273490X,2025-08-14
https://www.amazon.com/dp/1642734918,2025-09-02
https://www.amazon.com/dp/1642734926,2025-11-11
https://www.amazon.com/dp/1642734934,2025-10-28
https://www.amazon.com/dp/1642734942,2025-12-09
https://www.amazon.com/dp/1642734950,2025-10-07
https://www.amazon.com/dp/1642734985,2026-05-19
https://www.amazon.com/dp/1642734993,2026-01-13
https://www.amazon.com/dp/1642735000,2026-01-06
https://www.amazon.com/dp/1642735019,2025-09-09
https://www.amazon.com/dp/1642735027,2025-08-21
https://www.amazon.com/dp/1642735035,2025-10-14
https://www.amazon.com/dp/1642735043,2026-03-17
https://www.amazon.com/dp/1642735051,2025-11-04
https://www.amazon.com/dp/164273506X,2025-10-21
https://www.amazon.com/dp/1642735078,2025-09-23
https://www.amazon.com/dp/1642735396,2026-04-28
https://www.amazon.com/dp/164273540X,2026-05-26
https://www.amazon.com/dp/1642735418,2026-07-14
https://www.amazon.com/dp/1642735426,2026-02-17
https://www.amazon.com/dp/1642735442,2026-05-12
https://www.amazon.com/dp/1642735450,2026-03-10
https://www.amazon.com/dp/1642735469,2026-06-09
https://www.amazon.com/dp/1642735477,2026-04-14
https://www.amazon.com/dp/1642735523,2026-07-21
https://www.amazon.com/dp/1935548034,2010-09-15
https://www.amazon.com/dp/1935548077,2011-10-15
https://www.amazon.com/dp/1935548387,2013-11-15
https://www.amazon.com/dp/193554845X,2014-05-13
https://www.amazon.com/dp/1935548522,2016-12-20
https://www.amazon.com/dp/1935548530,2016-09-20
https://www.amazon.com/dp/1935548549,2016-10-18
https://www.amazon.com/dp/1935548573,2014-11-18
https://www.amazon.com/dp/1935548700,2015-11-17
https://www.amazon.com/dp/1935548875,2015-03-17
https://www.amazon.com/dp/1935548891,2016-04-19
https://www.amazon.com/dp/1935548905,2016-05-17
https://www.amazon.com/dp/1935548948,2016-07-19
https://www.amazon.com/dp/1944937102,2017-05-16
https://www.amazon.com/dp/1944937145,2017-04-18
https://www.amazon.com/dp/1944937277,2017-04-18
https://www.amazon.com/dp/1944937285,2017-07-18
https://www.amazon.com/dp/1944937293,2017-10-24
https://www.amazon.com/dp/1944937307,2017-08-15
https://www.amazon.com/dp/1944937412,2018-02-13
https://www.amazon.com/dp/1944937447,2018-03-13
https://www.amazon.com/dp/1944937455,2018-04-17
https://www.amazon.com/dp/1944937471,2018-05-15
https://www.amazon.com/dp/1944937978,2018-08-01
https://www.amazon.com/dp/B0DH48BS7L,2022-07-26
https://www.amazon.com/dp/B0FR89NBQB,2024-08-06
https://www.amazon.com/dp/B0GHLJN6VS,2026-06-16
https://www.amazon.com/dp/B0GSMMY6GF,2026-06-23
