https://www.viz.com/manga-books/activity-book/kiki-s-delivery-service-the-official-cookbook/product/9015,2026-10-27
https://www.viz.com/manga-books/art-book/my-hero-academia-ultra-artworks/product/9013,2026-10-13
https://www.viz.com/manga-books/art-book/set-sail-the-art-and-making-of-one-piece/product/8841,2026-06-23
https://www.viz.com/manga-books/art-book/takumi-a-little-japanese-bakery/product/9019,2026-10-27
https://www.viz.com/manga-books/book/ask-iwata/product/8931,2026-08-11
https://www.viz.com/manga-books/book/dorohedoro-illustrations-mud-and-sludge-volume-1-0/product/9005,2026-09-22
https://www.viz.com/manga-books/book/horror-picture-book-a-bad-book/product/9052,2026-10-20
https://www.viz.com/manga-books/book/horror-picture-book-is-it-there-or-not/product/9012,2026-10-20
https://www.viz.com/manga-books/book/horror-picture-book-looking-at-me/product/9053,2026-10-20
https://www.viz.com/manga-books/book/manga-in-theory-and-practice-volume-1-0/product/8953,2026-08-25
https://www.viz.com/manga-books/book/nobuo-uematsu-on-the-record/product/9004,2026-09-15
https://www.viz.com/manga-books/book/studio-ghibli-chronicles/product/9006,2026-10-27
https://www.viz.com/manga-books/graphic-novel/assassin-s-creed-forgotten-temple-volume-3-0/product/8810,2026-05-19
https://www.viz.com/manga-books/graphic-novel/assassin-s-creed-forgotten-temple-volume-4-0/product/8929,2026-08-18
https://www.viz.com/manga-books/graphic-novel/champion-of-the-rose-volume-1-0/product/8898,2026-07-14
https://www.viz.com/manga-books/graphic-novel/not-so-shoujo-love-story-volume-4-0/product/9007,2026-09-15
https://www.viz.com/manga-books/graphic-novel/qualia-volume-1-0/product/8927,2026-08-11
https://www.viz.com/manga-books/manga/akane-banashi-volume-16-0/product/8812,2026-05-12
https://www.viz.com/manga-books/manga/akane-banashi-volume-17-0/product/8930,2026-08-11
https://www.viz.com/manga-books/manga/akira-failing-in-love-volume-2-0/product/8809,2026-05-12
https://www.viz.com/manga-books/manga/akira-failing-in-love-volume-3-0/product/8890,2026-07-14
https://www.viz.com/manga-books/manga/akira-failing-in-love-volume-4-0/product/8989,2026-09-08
https://www.viz.com/manga-books/manga/alice-in-borderland-retry-volume-1-0/product/8893,2026-07-21
https://www.viz.com/manga-books/manga/amazing-digital-circus-volume-1-0/product/8993,2026-09-08
https://www.viz.com/manga-books/manga/and-then-there-were-none-volume-1-0/product/9003,2026-09-15
https://www.viz.com/manga-books/manga/animal-crossing-deserted-island-diary-vol-1-volume-11-0/product/8973,2026-09-08
https://www.viz.com/manga-books/manga/apothecary-diaries-maomao-s-notes-on-the-inner-palace-volume-1-0/product/9014,2026-10-20
https://www.viz.com/manga-books/manga/assassin-s-creed-shadows-tales-of-iga-volume-1-0/product/8851,2026-06-16
https://www.viz.com/manga-books/manga/astro-baby-volume-5-0/product/8969,2026-05-26
https://www.viz.com/manga-books/manga/astro-royale-volume-6-0/product/8848,2026-06-02
https://www.viz.com/manga-books/manga/battle-royale-enforcers-volume-5-0/product/8811,2026-05-19
https://www.viz.com/manga-books/manga/beyblade-x-volume-6-0/product/8891,2026-07-14
https://www.viz.com/manga-books/manga/beyblade-x-volume-7-0/product/9033,2026-10-13
https://www.viz.com/manga-books/manga/black-clover-volume-37-0/product/8938,2026-08-04
https://www.viz.com/manga-books/manga/black-torch-complete-box-set/product/9008,2026-09-22
https://www.viz.com/manga-books/manga/blue-box-volume-20-0/product/8819,2026-05-05
https://www.viz.com/manga-books/manga/blue-box-volume-21-0/product/8936,2026-08-04
https://www.viz.com/manga-books/manga/blue-box-volume-22-0/product/9047,2026-11-03
https://www.viz.com/manga-books/manga/boruto-two-blue-vortex-volume-5-0/product/8820,2026-05-05
https://www.viz.com/manga-books/manga/boruto-two-blue-vortex-volume-6-0/product/9023,2026-10-06
https://www.viz.com/manga-books/manga/boy-s-abyss-volume-14-0/product/8896,2026-07-21
https://www.viz.com/manga-books/manga/bug-ego-volume-2-0/product/8895,2026-07-21
https://www.viz.com/manga-books/manga/bugle-call-song-of-war-volume-7-0/product/8861,2026-06-02
https://www.viz.com/manga-books/manga/bugle-call-song-of-war-volume-8-0/product/8963,2026-08-04
https://www.viz.com/manga-books/manga/bugle-call-song-of-war-volume-9-0/product/9026,2026-10-06
https://www.viz.com/manga-books/manga/case-closed-volume-100-0/product/9028,2026-10-13
https://www.viz.com/manga-books/manga/case-closed-volume-99-0/product/8897,2026-07-14
https://www.viz.com/manga-books/manga/castle-in-the-sky-film-comic-all-in-one-edition/product/8894,2026-07-28
https://www.viz.com/manga-books/manga/centuria-volume-2-0/product/8814,2026-05-19
https://www.viz.com/manga-books/manga/centuria-volume-3-0/product/8932,2026-08-18
https://www.viz.com/manga-books/manga/chainsaw-man-volume-21-0/product/8857,2026-06-02
https://www.viz.com/manga-books/manga/chainsaw-man-volume-22-0/product/9031,2026-10-13
https://www.viz.com/manga-books/manga/choujin-x-volume-12-0/product/8818,2026-05-19
https://www.viz.com/manga-books/manga/choujin-x-volume-13-0/product/8998,2026-09-15
https://www.viz.com/manga-books/manga/climber-volume-6-0/product/8921,2026-07-21
https://www.viz.com/manga-books/manga/climber-volume-7-0/product/9046,2026-10-20
https://www.viz.com/manga-books/manga/cocoon-volume-1-0/product/8852,2026-06-16
https://www.viz.com/manga-books/manga/colette-decides-to-die-volume-7-0/product/8816,2026-05-05
https://www.viz.com/manga-books/manga/colette-decides-to-die-volume-8-0/product/8934,2026-08-04
https://www.viz.com/manga-books/manga/cosmos-volume-5-0/product/8815,2026-05-26
https://www.viz.com/manga-books/manga/cosmos-volume-6-0/product/8933,2026-08-25
https://www.viz.com/manga-books/manga/dandadan-volume-19-0/product/8862,2026-06-09
https://www.viz.com/manga-books/manga/dandadan-volume-20-0/product/8937,2026-08-11
https://www.viz.com/manga-books/manga/dandadan-volume-21-0/product/9024,2026-10-06
https://www.viz.com/manga-books/manga/dark-gathering-volume-18-0/product/8859,2026-06-02
https://www.viz.com/manga-books/manga/daydream-darling-volume-1-0/product/8946,2026-08-04
https://www.viz.com/manga-books/manga/demon-prince-of-momochi-house-succession-volume-3-0/product/9032,2026-10-06
https://www.viz.com/manga-books/manga/destroy-all-humankind-they-can-t-be-regenerated-a-magic-the-gathering-manga-volume-8-0/product/8903,2026-07-14
https://www.viz.com/manga-books/manga/destroy-all-humankind-they-can-t-be-regenerated-a-magic-the-gathering-manga-volume-9-0/product/9027,2026-10-13
https://www.viz.com/manga-books/manga/devil-s-candy-volume-5-0/product/8813,2026-05-12
https://www.viz.com/manga-books/manga/dgray-man-volume-29-0/product/8935,2026-08-04
https://www.viz.com/manga-books/manga/dogsred-volume-6-0/product/8941,2026-08-18
https://www.viz.com/manga-books/manga/dragon-quest-the-adventure-of-dai-volume-7-0/product/8939,2026-08-04
https://www.viz.com/manga-books/manga/drcl-midnight-children-volume-6-0/product/8892,2026-07-21
https://www.viz.com/manga-books/manga/elusive-samurai-volume-20-0/product/8863,2026-06-02
https://www.viz.com/manga-books/manga/elusive-samurai-volume-21-0/product/8966,2026-08-04
https://www.viz.com/manga-books/manga/firefly-wedding-volume-7-0/product/8901,2026-07-14
https://www.viz.com/manga-books/manga/firefly-wedding-volume-8-0/product/9040,2026-10-13
https://www.viz.com/manga-books/manga/fly-me-to-the-moon-volume-32-0/product/8864,2026-06-09
https://www.viz.com/manga-books/manga/fly-me-to-the-moon-volume-33-0/product/8995,2026-09-08
https://www.viz.com/manga-books/manga/fool-night-volume-10-0/product/8986,2026-09-15
https://www.viz.com/manga-books/manga/fool-night-volume-9-0/product/8874,2026-06-16
https://www.viz.com/manga-books/manga/fushigi-yugi-byakko-senki-volume-4-0/product/8860,2026-06-09
https://www.viz.com/manga-books/manga/fushigi-yugi-byakko-senki-volume-5-0/product/9022,2026-10-06
https://www.viz.com/manga-books/manga/galaxic-baseball-league-volume-1-0/product/8974,2026-10-13
https://www.viz.com/manga-books/manga/girl-crush-volume-7-0/product/8868,2026-06-09
https://www.viz.com/manga-books/manga/girl-crush-volume-8-0/product/8940,2026-08-11
https://www.viz.com/manga-books/manga/haikyu-3-in-1-edition-volume-10-0/product/8985,2026-09-15
https://www.viz.com/manga-books/manga/haikyu-3-in-1-edition-volume-9-0/product/8877,2026-06-16
https://www.viz.com/manga-books/manga/half-is-more-volume-1-0/product/8972,2026-08-18
https://www.viz.com/manga-books/manga/hayate-the-combat-butler-volume-48-0/product/8821,2026-05-12
https://www.viz.com/manga-books/manga/hayate-the-combat-butler-volume-49-0/product/8975,2026-09-08
https://www.viz.com/manga-books/manga/hima-ten-volume-1-0/product/8900,2026-07-07
https://www.viz.com/manga-books/manga/hima-ten-volume-2-0/product/8980,2026-09-01
https://www.viz.com/manga-books/manga/hirayasumi-volume-9-0/product/8817,2026-05-19
https://www.viz.com/manga-books/manga/hunter-x-hunter-3-in-1-edition-volume-6-0/product/8825,2026-05-19
https://www.viz.com/manga-books/manga/hunter-x-hunter-3-in-1-edition-volume-7-0/product/8943,2026-08-18
https://www.viz.com/manga-books/manga/i-m-no-angel-volume-1-0/product/8850,2026-06-02
https://www.viz.com/manga-books/manga/i-m-no-angel-volume-2-0/product/8981,2026-09-01
https://www.viz.com/manga-books/manga/i-want-to-end-this-love-game-volume-7-0/product/8899,2026-07-14
https://www.viz.com/manga-books/manga/ichi-the-witch-volume-3-0/product/8855,2026-06-02
https://www.viz.com/manga-books/manga/ichi-the-witch-volume-4-0/product/8945,2026-08-04
https://www.viz.com/manga-books/manga/ichi-the-witch-volume-5-0/product/9025,2026-10-06
https://www.viz.com/manga-books/manga/insomniacs-after-school-volume-14-0/product/8884,2026-06-23
https://www.viz.com/manga-books/manga/jojo-s-bizarre-adventure-part-7-steel-ball-run-volume-7-0/product/8826,2026-05-26
https://www.viz.com/manga-books/manga/jojo-s-bizarre-adventure-part-7-steel-ball-run-volume-8-0/product/8902,2026-07-28
https://www.viz.com/manga-books/manga/jojo-s-bizarre-adventure-part-7-steel-ball-run-volume-9-0/product/8984,2026-09-22
https://www.viz.com/manga-books/manga/jujutsu-kaisen-complete-box-set/product/9017,2026-10-27
https://www.viz.com/manga-books/manga/jujutsu-kaisen-volume-30-0/product/8827,2026-05-12
https://www.viz.com/manga-books/manga/kagurabachi-volume-7-0/product/8828,2026-05-05
https://www.viz.com/manga-books/manga/kagurabachi-volume-8-0/product/8944,2026-08-04
https://www.viz.com/manga-books/manga/kaiju-no-8-relax-volume-3-0/product/8948,2026-08-04
https://www.viz.com/manga-books/manga/kaiju-no-8-volume-16-0/product/8992,2026-09-01
https://www.viz.com/manga-books/manga/kamudo-volume-2-0/product/8870,2026-06-09
https://www.viz.com/manga-books/manga/kaze-hikaru-volume-34-0/product/8952,2026-08-04
https://www.viz.com/manga-books/manga/kill-blue-volume-7-0/product/8869,2026-06-09
https://www.viz.com/manga-books/manga/kill-blue-volume-8-0/product/8951,2026-08-11
https://www.viz.com/manga-books/manga/kill-blue-volume-9-0/product/9021,2026-10-06
https://www.viz.com/manga-books/manga/king-s-beast-vol-1-volume-18-0/product/8923,2026-07-07
https://www.viz.com/manga-books/manga/king-s-beast-vol-1-volume-18-0/product/8928,2026-07-07
https://www.viz.com/manga-books/manga/kingdom-volume-10-0/product/8949,2026-08-18
https://www.viz.com/manga-books/manga/kingdom-volume-11-0/product/8978,2026-09-15
https://www.viz.com/manga-books/manga/kingdom-volume-12-0/product/9035,2026-10-20
https://www.viz.com/manga-books/manga/kingdom-volume-7-0/product/8822,2026-05-19
https://www.viz.com/manga-books/manga/kingdom-volume-8-0/product/8875,2026-06-16
https://www.viz.com/manga-books/manga/kingdom-volume-9-0/product/8904,2026-07-21
https://www.viz.com/manga-books/manga/kirby-manga-mania-volume-9-0/product/8908,2026-07-14
https://www.viz.com/manga-books/manga/let-s-do-it-already-volume-9-0/product/8854,2026-06-02
https://www.viz.com/manga-books/manga/magical-girl-dandelion-volume-2-0/product/8858,2026-06-02
https://www.viz.com/manga-books/manga/magical-girl-dandelion-volume-3-0/product/8999,2026-09-01
https://www.viz.com/manga-books/manga/magilumiere-magical-girls-inc-volume-13-0/product/8876,2026-06-16
https://www.viz.com/manga-books/manga/magilumiere-magical-girls-inc-volume-14-0/product/8950,2026-08-18
https://www.viz.com/manga-books/manga/magilumiere-magical-girls-inc-volume-15-0/product/9037,2026-10-20
https://www.viz.com/manga-books/manga/mao-volume-24-0/product/8823,2026-05-12
https://www.viz.com/manga-books/manga/mao-volume-25-0/product/8954,2026-08-11
https://www.viz.com/manga-books/manga/marriage-toxin-volume-13-0/product/8871,2026-06-09
https://www.viz.com/manga-books/manga/marriage-toxin-volume-14-0/product/8955,2026-08-11
https://www.viz.com/manga-books/manga/marriage-toxin-volume-15-0/product/9034,2026-10-06
https://www.viz.com/manga-books/manga/marshal-king-volume-1-0/product/8942,2026-08-04
https://www.viz.com/manga-books/manga/me-roboco-volume-20-0/product/9011,2026-07-28
https://www.viz.com/manga-books/manga/minecraft-the-manga-volume-6-0/product/8866,2026-06-09
https://www.viz.com/manga-books/manga/minecraft-the-manga-volume-7-0/product/8979,2026-09-08
https://www.viz.com/manga-books/manga/mission-yozakura-family-volume-23-0/product/8879,2026-06-16
https://www.viz.com/manga-books/manga/mission-yozakura-family-volume-24-0/product/8959,2026-08-18
https://www.viz.com/manga-books/manga/mission-yozakura-family-volume-25-0/product/9044,2026-10-20
https://www.viz.com/manga-books/manga/moriarty-the-patriot-volume-20-0/product/8907,2026-07-21
https://www.viz.com/manga-books/manga/mortifying-ordeal-of-being-seen-volume-2-0/product/8918,2026-07-21
https://www.viz.com/manga-books/manga/mortifying-ordeal-of-being-seen-volume-3-0/product/9036,2026-10-13
https://www.viz.com/manga-books/manga/mujina-into-the-deep-volume-4-0/product/8824,2026-05-19
https://www.viz.com/manga-books/manga/my-hero-academia-team-up-missions-volume-8-0/product/8887,2026-07-07
https://www.viz.com/manga-books/manga/my-special-one-volume-11-0/product/8836,2026-05-05
https://www.viz.com/manga-books/manga/nana-25th-anniversary-edition-volume-4-0/product/8853,2026-06-02
https://www.viz.com/manga-books/manga/nana-25th-anniversary-edition-volume-5-0/product/8982,2026-09-01
https://www.viz.com/manga-books/manga/natsumes-book-of-friends-volume-32-0/product/8834,2026-05-05
https://www.viz.com/manga-books/manga/not-your-idol-volume-4-0/product/8905,2026-07-07
https://www.viz.com/manga-books/manga/nue-s-exorcist-volume-6-0/product/8832,2026-05-05
https://www.viz.com/manga-books/manga/nue-s-exorcist-volume-7-0/product/8906,2026-07-07
https://www.viz.com/manga-books/manga/nue-s-exorcist-volume-8-0/product/8983,2026-09-01
https://www.viz.com/manga-books/manga/one-piece-omnibus-edition-volume-36-0/product/8881,2026-06-16
https://www.viz.com/manga-books/manga/one-piece-volume-112-0/product/8909,2026-07-07
https://www.viz.com/manga-books/manga/one-punch-man-volume-33-0/product/8835,2026-05-19
https://www.viz.com/manga-books/manga/one-punch-man-volume-34-0/product/8996,2026-09-15
https://www.viz.com/manga-books/manga/otaku-vampire-s-love-bite-volume-8-0/product/8888,2026-07-07
https://www.viz.com/manga-books/manga/persona-5-volume-15-0/product/8831,2026-05-12
https://www.viz.com/manga-books/manga/phantom-busters-volume-4-0/product/8910,2026-07-07
https://www.viz.com/manga-books/manga/phantom-busters-volume-5-0/product/9029,2026-10-06
https://www.viz.com/manga-books/manga/pink-candy-kiss-volume-5-0/product/8856,2026-06-02
https://www.viz.com/manga-books/manga/pokemon-adventures-red-and-blue-deluxe-edition-volume-1-0/product/9018,2026-10-27
https://www.viz.com/manga-books/manga/pokemon-scarlet-violet-volume-5-0/product/8867,2026-06-09
https://www.viz.com/manga-books/manga/pokemon-scarlet-violet-volume-6-0/product/9038,2026-10-13
https://www.viz.com/manga-books/manga/pokemon-sun-moon-complete-box-set/product/9009,2026-09-22
https://www.viz.com/manga-books/manga/prince-freya-volume-13-0/product/8837,2026-05-05
https://www.viz.com/manga-books/manga/queens-quality-volume-25-0/product/8833,2026-05-05
https://www.viz.com/manga-books/manga/rai-rai-rai-volume-4-0/product/8830,2026-05-12
https://www.viz.com/manga-books/manga/rai-rai-rai-volume-5-0/product/8956,2026-08-11
https://www.viz.com/manga-books/manga/rainbows-after-storms-volume-10-0/product/8878,2026-06-16
https://www.viz.com/manga-books/manga/rainbows-after-storms-volume-11-0/product/8958,2026-08-11
https://www.viz.com/manga-books/manga/rainbows-after-storms-volume-12-0/product/9041,2026-10-13
https://www.viz.com/manga-books/manga/record-of-ragnarok-volume-19-0/product/8912,2026-07-21
https://www.viz.com/manga-books/manga/record-of-ragnarok-volume-20-0/product/9043,2026-10-20
https://www.viz.com/manga-books/manga/red-river-3-in-1-edition-volume-8-0/product/8911,2026-07-21
https://www.viz.com/manga-books/manga/red-river-3-in-1-edition-volume-9-0/product/9042,2026-10-20
https://www.viz.com/manga-books/manga/rooster-fighter-volume-10-0/product/8914,2026-07-21
https://www.viz.com/manga-books/manga/ruridragon-volume-4-0/product/9000,2026-09-01
https://www.viz.com/manga-books/manga/sakamoto-days-volume-22-0/product/8872,2026-06-09
https://www.viz.com/manga-books/manga/sakamoto-days-volume-23-0/product/8997,2026-09-15
https://www.viz.com/manga-books/manga/sakamoto-holidays-volume-2-0/product/8960,2026-08-18
https://www.viz.com/manga-books/manga/seaside-where-dragon-boys-dwell-volume-1-0/product/9020,2026-11-03
https://www.viz.com/manga-books/manga/seraph-of-the-end-volume-34-0/product/8880,2026-06-16
https://www.viz.com/manga-books/manga/shiba-inu-rooms-volume-1-0/product/8977,2026-09-01
https://www.viz.com/manga-books/manga/shinobi-undercover-volume-1-0/product/8849,2026-06-02
https://www.viz.com/manga-books/manga/shinobi-undercover-volume-2-0/product/8957,2026-08-04
https://www.viz.com/manga-books/manga/shinobi-undercover-volume-3-0/product/9030,2026-10-06
https://www.viz.com/manga-books/manga/show-ha-shoten-volume-11-0/product/8962,2026-08-18
https://www.viz.com/manga-books/manga/skipbeat-3-in-1-edition-volume-17-0/product/8961,2026-08-18
https://www.viz.com/manga-books/manga/sleepy-princess-in-the-demon-castle-volume-30-0/product/8873,2026-06-09
https://www.viz.com/manga-books/manga/snow-white-with-the-red-hair-volume-27-0/product/8917,2026-07-07
https://www.viz.com/manga-books/manga/snowball-earth-volume-9-0/product/8964,2026-08-18
https://www.viz.com/manga-books/manga/sound-of-a-blink-volume-1-0/product/9002,2026-09-15
https://www.viz.com/manga-books/manga/spider-man-kizuna-volume-4-0/product/9001,2026-09-08
https://www.viz.com/manga-books/manga/splatoon-3-splatlands-volume-7-0/product/9045,2026-10-13
https://www.viz.com/manga-books/manga/splatoon-squid-kids-comedy-show-volume-2-0/product/6472,2020-11-10
https://www.viz.com/manga-books/manga/splatoon-squid-kids-comedy-show-volume-3-0/product/6616,2021-04-13
https://www.viz.com/manga-books/manga/splatoon-squid-kids-comedy-show-volume-4-0/product/6733,2021-07-13
https://www.viz.com/manga-books/manga/splatoon-squid-kids-comedy-show-volume-5-0/product/6862,2021-11-09
https://www.viz.com/manga-books/manga/splatoon-squid-kids-comedy-show-volume-6-0/product/7148,2022-08-09
https://www.viz.com/manga-books/manga/spy-x-family-volume-16-0/product/8976,2026-09-01
https://www.viz.com/manga-books/manga/star-brighter-than-the-sun-volume-6-0/product/8847,2026-06-02
https://www.viz.com/manga-books/manga/star-wars-the-mandalorian-the-manga-volume-4-0/product/8829,2026-05-05
https://www.viz.com/manga-books/manga/star-wars-visions-tsukumo-volume-1-0/product/8915,2026-07-14
https://www.viz.com/manga-books/manga/steel-of-celestial-shadows-volume-10-0/product/8883,2026-06-16
https://www.viz.com/manga-books/manga/super-psychic-policeman-chojo-volume-3-0/product/8839,2026-05-05
https://www.viz.com/manga-books/manga/super-psychic-policeman-chojo-volume-4-0/product/8916,2026-07-07
https://www.viz.com/manga-books/manga/super-psychic-policeman-chojo-volume-5-0/product/8987,2026-09-01
https://www.viz.com/manga-books/manga/taika-s-reason-volume-1-0/product/8926,2026-07-21
https://www.viz.com/manga-books/manga/taika-s-reason-volume-2-0/product/8994,2026-09-15
https://www.viz.com/manga-books/manga/tamon-s-b-side-volume-11-0/product/8865,2026-06-02
https://www.viz.com/manga-books/manga/thus-spoke-rohan-kishibe-volume-3-0/product/8922,2026-07-07
https://www.viz.com/manga-books/manga/tsumiki-ogami-s-not-so-ordinary-life-volume-6-0/product/8840,2026-05-12
https://www.viz.com/manga-books/manga/tsumiki-ogami-s-not-so-ordinary-life-volume-7-0/product/8967,2026-08-11
https://www.viz.com/manga-books/manga/ultimate-exorcist-kiyoshi-volume-1-0/product/8808,2026-05-05
https://www.viz.com/manga-books/manga/ultimate-exorcist-kiyoshi-volume-2-0/product/8919,2026-07-21
https://www.viz.com/manga-books/manga/ultimate-exorcist-kiyoshi-volume-3-0/product/8988,2026-09-01
https://www.viz.com/manga-books/manga/ultraman-volume-22-0/product/9051,2026-10-20
https://www.viz.com/manga-books/manga/undead-unluck-volume-25-0/product/8882,2026-06-16
https://www.viz.com/manga-books/manga/undead-unluck-volume-26-0/product/8968,2026-08-18
https://www.viz.com/manga-books/manga/undead-unluck-volume-27-0/product/9050,2026-10-20
https://www.viz.com/manga-books/manga/vagabond-definitive-edition-volume-5-0/product/8681,2026-06-09
https://www.viz.com/manga-books/manga/vagabond-definitive-edition-volume-6-0/product/8965,2026-08-18
https://www.viz.com/manga-books/manga/vagabond-definitive-edition-volume-7-0/product/9049,2026-10-20
https://www.viz.com/manga-books/manga/viz-sampler-2026/product/9010,2026-06-25
https://www.viz.com/manga-books/manga/wild-strawberry-volume-7-0/product/8971,2026-05-26
https://www.viz.com/manga-books/manga/witch-watch-volume-18-0/product/8970,2026-05-26
https://www.viz.com/manga-books/manga/witching-hour-volume-1-0/product/9048,2026-10-20
https://www.viz.com/manga-books/manga/yaiba-volume-5-0/product/8920,2026-07-14
https://www.viz.com/manga-books/manga/yaiba-volume-6-0/product/9039,2026-10-13
https://www.viz.com/manga-books/manga/yashahime-princess-half-demon-volume-10-0/product/8991,2026-09-08
https://www.viz.com/manga-books/manga/yashahime-princess-half-demon-volume-9-0/product/8838,2026-05-12
https://www.viz.com/manga-books/manga/yona-of-the-dawn-3-in-1-edition-volume-1-0/product/9016,2026-10-20
https://www.viz.com/manga-books/manga/yona-of-the-dawn-volume-46-0/product/8924,2026-07-07
https://www.viz.com/manga-books/manga/zom-100-bucket-list-of-the-dead-vol-1-volume-20-0/product/8885,2026-06-23
https://www.viz.com/manga-books/novel/sakamoto-days-novels/product/8913,2026-07-28
